"old_url","proposed_destination","status","basis"
"https://www.modelhomeinc.com/store/Flooring-c161566439","","UNMAPPED","No confident match from the category name; needs catalog parent category"
"https://www.modelhomeinc.com/store/Engineered-Hardwood-c161564961","/wood","DRAFT - not approved","Wood flooring category or collection"
"https://www.modelhomeinc.com/store/Waterproof-c161566907","/waterproof","DRAFT - not approved","Waterproof / vinyl category"
"https://www.modelhomeinc.com/store/Solid-Wood-c161565209","/wood","DRAFT - not approved","Wood flooring category or collection"
"https://www.modelhomeinc.com/store/Vinyl-Plank-c161564963","/waterproof","DRAFT - not approved","Waterproof / vinyl category"
"https://www.modelhomeinc.com/store/Wall-Treatment-c161566162","/moulding","DRAFT - not approved","Moulding / wall treatment category"
"https://www.modelhomeinc.com/store/Molding-c161566908","/moulding","DRAFT - not approved","Moulding / wall treatment category"
"https://www.modelhomeinc.com/store/Tile-c161564960","/tile","DRAFT - not approved","Tile category"
"https://www.modelhomeinc.com/store/Adhesives-c161566906","","UNMAPPED","No confident match from the category name; needs catalog parent category"
"https://www.modelhomeinc.com/store/Reward-c170011755","","UNMAPPED","No confident match from the category name; needs catalog parent category"
"https://www.modelhomeinc.com/store/Cabinets-c161566166","/custom","DRAFT - not approved","Cabinet category"
"https://www.modelhomeinc.com/store/California-Classics-c162269060","/wood","DRAFT - not approved","Wood flooring category or collection"
"https://www.modelhomeinc.com/store/Mediterranean-Collection-4MM-8-Widths-Wire-Brushed-c162277041","/wood","DRAFT - not approved","Wood flooring category or collection"
"https://www.modelhomeinc.com/store/Mediterranean-9-5-Collection-4MM-9-5-Widths-Wire-Brushed-c162276833","/wood","DRAFT - not approved","Wood flooring category or collection"
"https://www.modelhomeinc.com/store/Louvre-Collection-4MM-9-4-Widths-Wire-Brushed-c162268841","/wood","DRAFT - not approved","Wood flooring category or collection"
"https://www.modelhomeinc.com/store/Timeless-Classics-Collection-2MM-4-5-6-Widths-Hand-Scraped-c162268842","/wood","DRAFT - not approved","Wood flooring category or collection"
"https://www.modelhomeinc.com/store/Timeless-Classics-Collection-2MM-6-Widths-Hand-Scraped-c162274573","/wood","DRAFT - not approved","Wood flooring category or collection"
"https://www.modelhomeinc.com/store/Cezanne-Collection-2MM-7-1-2-Widths-c162277043","/wood","DRAFT - not approved","Wood flooring category or collection"
"https://www.modelhomeinc.com/store/Laminate-c161564962","","UNMAPPED","No confident match from the category name; needs catalog parent category"
"https://www.modelhomeinc.com/store/Mohawk-c169490377","","UNMAPPED","No confident match from the category name; needs catalog parent category"
"https://www.modelhomeinc.com/store/Quick-Step-c163030278","","UNMAPPED","No confident match from the category name; needs catalog parent category"
"https://www.modelhomeinc.com/store/AVALON-c169890420","","UNMAPPED","No confident match from the category name; needs catalog parent category"
"https://www.modelhomeinc.com/store/BOCCARA-c169928381","","UNMAPPED","No confident match from the category name; needs catalog parent category"
"https://www.modelhomeinc.com/store/CAMINO-II-c169928126","","UNMAPPED","No confident match from the category name; needs catalog parent category"
"https://www.modelhomeinc.com/store/CANYONS-c169927943","","UNMAPPED","No confident match from the category name; needs catalog parent category"
"https://www.modelhomeinc.com/store/CASTILLO-c169928138","","UNMAPPED","No confident match from the category name; needs catalog parent category"
"https://www.modelhomeinc.com/store/COSTA-c169950754","","UNMAPPED","No confident match from the category name; needs catalog parent category"
"https://www.modelhomeinc.com/store/EL-PASO-c169950762","","UNMAPPED","No confident match from the category name; needs catalog parent category"
"https://www.modelhomeinc.com/store/EUROPA-c169928478","","UNMAPPED","No confident match from the category name; needs catalog parent category"
"https://www.modelhomeinc.com/store/ISLANDS-c169970785","","UNMAPPED","No confident match from the category name; needs catalog parent category"
"https://www.modelhomeinc.com/store/MEADOW-c169995773","","UNMAPPED","No confident match from the category name; needs catalog parent category"
"https://www.modelhomeinc.com/store/MILL-CREEK-c169994792","","UNMAPPED","No confident match from the category name; needs catalog parent category"
"https://www.modelhomeinc.com/store/NAPA-c170011764","","UNMAPPED","No confident match from the category name; needs catalog parent category"
"https://www.modelhomeinc.com/store/PROVENCE-II-c169994860","","UNMAPPED","No confident match from the category name; needs catalog parent category"
"https://www.modelhomeinc.com/store/SERENO-c170011854","","UNMAPPED","No confident match from the category name; needs catalog parent category"
"https://www.modelhomeinc.com/store/SHORES-c169996726","","UNMAPPED","No confident match from the category name; needs catalog parent category"
"https://www.modelhomeinc.com/store/SYLVANIA-c169994936","","UNMAPPED","No confident match from the category name; needs catalog parent category"
"https://www.modelhomeinc.com/store/TERRENO-c170011862","","UNMAPPED","No confident match from the category name; needs catalog parent category"
"https://www.modelhomeinc.com/store/URBANO-c170039004","","UNMAPPED","No confident match from the category name; needs catalog parent category"
"https://www.modelhomeinc.com/store/YUKON-GOLD-c170035758","","UNMAPPED","No confident match from the category name; needs catalog parent category"
"https://www.modelhomeinc.com/store/Ellenwood-c164640559","","UNMAPPED","No confident match from the category name; needs catalog parent category"
"https://www.modelhomeinc.com/store/Hampton-Villa-c163818787","","UNMAPPED","No confident match from the category name; needs catalog parent category"
"https://www.modelhomeinc.com/store/Revwood-Products-c162300880","","UNMAPPED","No confident match from the category name; needs catalog parent category"
"https://www.modelhomeinc.com/store/Revwood-Premier-c162319597","","UNMAPPED","No confident match from the category name; needs catalog parent category"
"https://www.modelhomeinc.com/store/Naturals-c163029264","","UNMAPPED","No confident match from the category name; needs catalog parent category"
"https://www.modelhomeinc.com/store/Browns-c163021773","","UNMAPPED","No confident match from the category name; needs catalog parent category"
"https://www.modelhomeinc.com/store/Grays-c163029265","","UNMAPPED","No confident match from the category name; needs catalog parent category"
"https://www.modelhomeinc.com/store/Revwood-Plus-c162317333","","UNMAPPED","No confident match from the category name; needs catalog parent category"
"https://www.modelhomeinc.com/store/Naturals-c163025508","","UNMAPPED","No confident match from the category name; needs catalog parent category"
"https://www.modelhomeinc.com/store/Browns-c163021520","","UNMAPPED","No confident match from the category name; needs catalog parent category"
"https://www.modelhomeinc.com/store/Grays-c163021774","","UNMAPPED","No confident match from the category name; needs catalog parent category"
"https://www.modelhomeinc.com/store/RevWood-Select-c163028011","","UNMAPPED","No confident match from the category name; needs catalog parent category"
"https://www.modelhomeinc.com/store/Naturals-c163030266","","UNMAPPED","No confident match from the category name; needs catalog parent category"
"https://www.modelhomeinc.com/store/Browns-c163021260","","UNMAPPED","No confident match from the category name; needs catalog parent category"
"https://www.modelhomeinc.com/store/Grays-c163021524","","UNMAPPED","No confident match from the category name; needs catalog parent category"
"https://www.modelhomeinc.com/store/Colossia-c163021268","","UNMAPPED","No confident match from the category name; needs catalog parent category"
"https://www.modelhomeinc.com/store/Leuco-c163029276","","UNMAPPED","No confident match from the category name; needs catalog parent category"
"https://www.modelhomeinc.com/store/Nesprima-c163028021","","UNMAPPED","No confident match from the category name; needs catalog parent category"
"https://www.modelhomeinc.com/store/Perdestia-c163021779","","UNMAPPED","No confident match from the category name; needs catalog parent category"
"https://www.modelhomeinc.com/store/Provision-c163021537","","UNMAPPED","No confident match from the category name; needs catalog parent category"
"https://www.modelhomeinc.com/store/Reclaime-c163025513","","UNMAPPED","No confident match from the category name; needs catalog parent category"
"https://www.modelhomeinc.com/store/Sango-c163021538","","UNMAPPED","No confident match from the category name; needs catalog parent category"
"https://www.modelhomeinc.com/store/Studio-c163021269","","UNMAPPED","No confident match from the category name; needs catalog parent category"
"https://www.modelhomeinc.com/store/Styleo-c163019782","","UNMAPPED","No confident match from the category name; needs catalog parent category"
"https://www.modelhomeinc.com/store/Tilleto-c163021539","","UNMAPPED","No confident match from the category name; needs catalog parent category"
"https://www.modelhomeinc.com/store/Vestia-c163019783","","UNMAPPED","No confident match from the category name; needs catalog parent category"
